{"cameraMode":{"drawMode":0,"name":"Shaded","section":"Shading Mode"},"sceneLighting":true,"audioPlay":false,"sceneViewState":{"showFog":true,"showMaterialUpdate":false,"showSkybox":true,"showFlares":true,"showImageEffects":true,"showParticleSystems":true},"in2DMode":false,"pivot":{"x":-16.131206512451173,"y":-0.929722785949707,"z":-4.108589172363281},"rotation":{"x":-0.04040706902742386,"y":0.13803866505622865,"z":-0.005636460147798061,"w":-0.9895862340927124},"size":95.80931854248047,"orthographic":false}