{"cameraMode":{"drawMode":0,"name":"Shaded","section":"Shading Mode"},"sceneLighting":true,"audioPlay":false,"sceneViewState":{"showFog":true,"showMaterialUpdate":true,"showSkybox":true,"showFlares":true,"showImageEffects":true,"showParticleSystems":true},"in2DMode":false,"pivot":{"x":0.20979690551757813,"y":3.8625659942626955,"z":4.0256500244140629},"rotation":{"x":-0.13615411520004273,"y":0.7923659682273865,"z":-0.19164729118347169,"w":-0.5629295110702515},"size":49.86174774169922,"orthographic":false}