{"cameraMode":{"drawMode":0,"name":"Shaded","section":"Shading Mode"},"sceneLighting":false,"audioPlay":false,"sceneViewState":{"showFog":true,"showMaterialUpdate":false,"showSkybox":false,"showFlares":true,"showImageEffects":true,"showParticleSystems":true},"in2DMode":false,"pivot":{"x":16.958343505859376,"y":0.9536440968513489,"z":-0.0006333589553833008},"rotation":{"x":-0.12597456574440003,"y":0.0005937276873737574,"z":-0.00007541028026025742,"w":-0.9920333623886108},"size":6.142259120941162,"orthographic":false}