{"cameraMode":{"drawMode":0,"name":"Shaded","section":"Shading Mode"},"sceneLighting":true,"audioPlay":false,"sceneViewState":{"showFog":true,"showMaterialUpdate":false,"showSkybox":true,"showFlares":true,"showImageEffects":true,"showParticleSystems":true},"in2DMode":false,"pivot":{"x":-3.5551233291625978,"y":6.102520942687988,"z":10.426628112792969},"rotation":{"x":-0.06603273749351502,"y":0.08281970024108887,"z":-0.005499886814504862,"w":-0.9943592548370361},"size":47.01526641845703,"orthographic":false}