{"cameraMode":{"drawMode":0,"name":"Shaded","section":"Shading Mode"},"sceneLighting":true,"audioPlay":false,"sceneViewState":{"showFog":true,"showMaterialUpdate":true,"showSkybox":true,"showFlares":true,"showImageEffects":true,"showParticleSystems":true},"in2DMode":false,"pivot":{"x":-24.613019943237306,"y":-39.14453125,"z":96.391357421875},"rotation":{"x":-0.21213668584823609,"y":0.09568893164396286,"z":-0.020877042785286905,"w":-0.9723197817802429},"size":145.47096252441407,"orthographic":false}