{"cameraMode":{"drawMode":0,"name":"Shaded","section":"Shading Mode"},"sceneLighting":true,"audioPlay":false,"sceneViewState":{"showFog":true,"showMaterialUpdate":true,"showSkybox":true,"showFlares":true,"showImageEffects":true,"showParticleSystems":true},"in2DMode":false,"pivot":{"x":-7.214275360107422,"y":6.846992492675781,"z":14.1409912109375},"rotation":{"x":-0.27247676253318789,"y":0.07782983779907227,"z":-0.02211897075176239,"w":-0.9587542414665222},"size":195.0937042236328,"orthographic":false}