{"cameraMode":{"drawMode":0,"name":"Shaded","section":"Shading Mode"},"sceneLighting":false,"audioPlay":false,"sceneViewState":{"showFog":true,"showMaterialUpdate":false,"showSkybox":false,"showFlares":true,"showImageEffects":true,"showParticleSystems":true},"in2DMode":false,"pivot":{"x":-2.427727460861206,"y":15.619256019592286,"z":-11.247650146484375},"rotation":{"x":0.09754521399736405,"y":-0.412208616733551,"z":0.04444143921136856,"w":0.9047619104385376},"size":6.22464656829834,"orthographic":false}