{"cameraMode":{"drawMode":0,"name":"Shaded","section":"Shading Mode"},"sceneLighting":false,"audioPlay":false,"sceneViewState":{"showFog":true,"showMaterialUpdate":false,"showSkybox":false,"showFlares":true,"showImageEffects":true,"showParticleSystems":true},"in2DMode":false,"pivot":{"x":-10.581782341003418,"y":5.013743877410889,"z":66.9453125},"rotation":{"x":-0.0007017736788839102,"y":0.9969192743301392,"z":-0.008972578682005406,"w":-0.07791703939437866},"size":35.00694274902344,"orthographic":true}