{"cameraMode":{"drawMode":0,"name":"Shaded","section":"Shading Mode"},"sceneLighting":false,"audioPlay":false,"sceneViewState":{"showFog":true,"showMaterialUpdate":false,"showSkybox":false,"showFlares":true,"showImageEffects":true,"showParticleSystems":true},"in2DMode":false,"pivot":{"x":-49.811676025390628,"y":1.9919960498809815,"z":24.1875},"rotation":{"x":0.12732619047164918,"y":-0.5549779534339905,"z":0.08642227202653885,"w":0.8175076842308044},"size":17.69373321533203,"orthographic":true}