{"cameraMode":{"drawMode":0,"name":"Shaded","section":"Shading Mode"},"sceneLighting":false,"audioPlay":false,"sceneViewState":{"showFog":true,"showMaterialUpdate":false,"showSkybox":false,"showFlares":true,"showImageEffects":true,"showParticleSystems":true},"in2DMode":false,"pivot":{"x":42.18939971923828,"y":-1.226914882659912,"z":25.252002716064454},"rotation":{"x":-0.005561688914895058,"y":-0.9944246411323547,"z":-0.07682455331087113,"w":0.07201903313398361},"size":36.99970245361328,"orthographic":true}