{"cameraMode":{"drawMode":0,"name":"Shaded","section":"Shading Mode"},"sceneLighting":false,"audioPlay":false,"sceneViewState":{"showFog":true,"showMaterialUpdate":false,"showSkybox":false,"showFlares":true,"showImageEffects":true,"showParticleSystems":true},"in2DMode":false,"pivot":{"x":-20.448932647705079,"y":7.834471702575684,"z":26.120290756225587},"rotation":{"x":0.02848157286643982,"y":-0.03208235278725624,"z":0.0009134991560131311,"w":0.9990789294242859},"size":49.165164947509769,"orthographic":true}