{"cameraMode":{"drawMode":0,"name":"Shaded","section":"Shading Mode"},"sceneLighting":false,"audioPlay":false,"sceneViewState":{"showFog":true,"showMaterialUpdate":false,"showSkybox":false,"showFlares":true,"showImageEffects":true,"showParticleSystems":true},"in2DMode":false,"pivot":{"x":17.656047821044923,"y":4.765167236328125,"z":25.390625},"rotation":{"x":0.026641622185707094,"y":-0.7896137237548828,"z":0.034369997680187228,"w":0.6120614409446716},"size":28.407123565673829,"orthographic":true}